,cnn_train_prediction,lr_train_prediction,gbm_train_prediction,combo_train_prediction
1,2,2,2,2
2,1,1,1,1
3,1,2,2,2
4,0,1,1,1
5,2,2,2,2
6,2,1,1,1
7,0,2,2,2
8,1,2,2,2
9,2,0,0,0
10,2,1,1,1
11,2,0,0,0
12,0,0,0,0
13,1,1,1,1
14,0,0,0,0
15,1,2,2,2
16,1,1,1,1
17,1,2,2,2
18,2,2,2,2
19,2,0,0,0
20,2,2,2,2
21,1,1,1,1
22,2,2,2,2
23,2,1,1,1
24,2,1,1,1
25,0,0,0,0
26,2,2,2,2
27,1,0,0,0
28,0,2,2,2
29,0,2,2,2
30,0,0,0,0
31,2,1,1,1
32,0,2,2,2
33,0,0,0,0
34,2,1,1,1
35,2,0,0,0
36,1,1,1,1
37,0,2,2,2
38,0,0,0,0
39,0,1,1,1
40,1,2,2,2
41,1,0,0,0
42,1,0,0,0
43,0,0,0,0
44,0,2,2,2
45,2,1,1,1
46,1,1,1,1
47,0,1,1,1
48,1,1,1,1
49,2,1,1,1
50,2,0,0,0
51,1,2,2,2
52,2,0,0,0
53,1,0,0,0
54,1,0,0,0
55,2,0,0,0
56,0,1,1,1
57,0,1,1,1
58,2,0,0,0
59,1,1,1,1
60,2,1,1,1
61,0,1,1,1
62,1,0,0,0
63,1,0,0,0
64,0,2,2,2
65,2,2,2,2
66,1,1,1,1
67,0,2,2,2
68,0,0,0,0
69,1,1,1,1
70,1,2,2,2
71,2,2,2,2
72,2,2,2,2
73,0,0,0,0
74,2,0,0,0
75,2,1,1,1
76,1,0,0,0
77,1,2,2,2
78,1,1,1,1
79,1,2,2,2
80,1,0,0,0
81,0,2,2,2
82,2,2,2,2
83,1,0,0,0
84,2,0,0,0
85,0,2,2,2
86,0,2,2,2
87,0,1,1,1
88,0,0,0,0
89,1,2,2,2
90,0,1,1,1
91,2,1,1,1
92,1,1,1,1
93,1,1,1,1
94,1,2,2,2
95,2,2,2,2
96,0,1,1,1
97,2,0,0,0
98,0,2,2,2
99,2,0,0,0
100,0,1,1,1
101,1,2,2,2
102,2,1,1,1
103,0,1,1,1
104,0,0,0,0
105,1,2,2,2
106,0,1,1,1
107,1,2,2,2
108,1,2,2,2
109,0,0,0,0
110,0,2,2,2
111,0,0,0,0
112,0,1,1,1
113,0,0,0,0
114,0,2,2,2
115,2,0,0,0
116,1,0,0,0
117,1,2,2,2
118,0,1,1,1
119,0,2,2,2
120,0,0,0,0
121,2,1,1,1
122,1,0,0,0
123,1,2,2,2
124,1,1,1,1
125,0,1,1,1
126,0,1,1,1
127,1,0,0,0
128,0,2,2,2
129,2,2,2,2
130,1,1,1,1
131,1,0,0,0
132,0,0,0,0
133,0,2,2,2
134,0,2,2,2
135,2,0,0,0
136,0,2,2,2
137,2,1,1,1
138,1,0,0,0
139,0,2,2,2
140,1,1,1,1
141,2,0,0,0
142,2,2,2,2
143,0,2,2,2
144,0,1,1,1
145,0,2,2,2
146,0,0,0,0
147,0,2,2,2
148,2,0,0,0
149,2,1,1,1
150,1,2,2,2
151,2,1,1,1
152,1,0,0,0
153,0,2,2,2
154,1,0,0,0
155,1,1,1,1
156,2,0,0,0
157,2,0,0,0
158,0,2,2,2
159,2,2,2,2
160,0,1,1,1
161,0,0,0,0
162,1,2,2,2
163,2,2,2,2
164,0,2,2,2
165,1,0,0,0
166,1,1,1,1
167,1,1,1,1
168,2,0,0,0
169,1,1,1,1
170,1,0,0,0
171,0,0,0,0
172,1,0,0,0
173,2,2,2,2
174,1,0,0,0
175,2,2,2,2
176,0,2,2,2
177,1,1,1,1
178,0,2,2,2
179,1,2,2,2
180,2,0,0,0
181,1,1,1,1
182,0,0,0,0
183,1,1,1,1
184,0,2,2,2
185,0,1,1,1
186,2,0,0,0
187,0,2,2,2
188,2,0,0,0
189,0,1,1,1
190,1,1,1,1
191,1,2,2,2
192,2,0,0,0
193,2,2,2,2
194,1,0,0,0
195,0,2,2,2
196,0,0,0,0
197,1,0,0,0
198,2,2,2,2
199,0,0,0,0
200,0,2,2,2
201,1,0,0,0
202,1,1,1,1
203,2,1,1,1
204,2,1,1,1
205,1,0,0,0
206,1,0,0,0
207,2,2,2,2
208,0,2,2,2
209,0,1,1,1
210,0,1,1,1
211,0,0,0,0
212,0,2,2,2
213,1,2,2,2
214,0,0,0,0
215,1,0,0,0
216,0,0,0,0
217,2,0,0,0
218,0,1,1,1
219,0,2,2,2
220,2,0,0,0
221,0,2,2,2
222,0,1,1,1
223,1,1,1,1
224,2,0,0,0
225,1,0,0,0
226,2,2,2,2
227,0,2,2,2
228,1,1,1,1
229,0,1,1,1
230,2,1,1,1
231,1,0,0,0
232,2,1,1,1
233,2,1,1,1
234,0,2,2,2
235,1,2,2,2
236,0,1,1,1
237,2,0,0,0
238,0,1,1,1
239,1,1,1,1
240,0,0,0,0
241,1,2,2,2
242,2,1,1,1
243,1,2,2,2
244,1,1,1,1
245,1,2,2,2
246,2,0,0,0
247,0,1,1,1
248,0,2,2,2
249,0,1,1,1
250,2,2,2,2
251,2,2,2,2
252,2,0,0,0
253,2,2,2,2
254,0,1,1,1
255,0,0,0,0
256,0,0,0,0
257,2,1,1,1
258,0,0,0,0
259,0,1,1,1
260,2,1,1,1
261,0,0,0,0
262,2,1,1,1
263,1,1,1,1
264,2,0,0,0
265,2,0,0,0
266,1,0,0,0
267,0,2,2,2
268,2,1,1,1
269,0,2,2,2
270,0,1,1,1
271,1,1,1,1
272,2,1,1,1
273,1,2,2,2
274,1,1,1,1
275,2,1,1,1
276,1,0,0,0
277,0,0,0,0
278,2,0,0,0
279,1,0,0,0
280,1,1,1,1
281,0,0,0,0
282,2,2,2,2
283,1,0,0,0
284,0,0,0,0
285,2,2,2,2
286,0,1,1,1
287,1,1,1,1
288,2,1,1,1
289,0,2,2,2
290,1,0,0,0
291,1,1,1,1
292,1,1,1,1
293,0,0,0,0
294,2,0,0,0
295,0,2,2,2
296,1,2,2,2
297,1,2,2,2
298,1,2,2,2
299,2,2,2,2
300,2,0,0,0
301,0,2,2,2
302,0,1,1,1
303,1,1,1,1
304,0,2,2,2
305,1,0,0,0
306,1,0,0,0
307,0,1,1,1
308,0,1,1,1
309,2,1,1,1
310,2,1,1,1
311,0,0,0,0
312,2,0,0,0
313,1,1,1,1
314,2,0,0,0
315,0,2,2,2
316,0,0,0,0
317,1,0,0,0
318,0,0,0,0
319,2,2,2,2
320,0,1,1,1
321,0,2,2,2
322,0,0,0,0
323,0,0,0,0
324,0,0,0,0
325,1,2,2,2
326,0,1,1,1
327,1,1,1,1
328,1,1,1,1
329,2,2,2,2
330,2,1,1,1
331,2,2,2,2
332,2,1,1,1
333,1,1,1,1
334,0,2,2,2
335,2,2,2,2
336,0,1,1,1
337,1,0,0,0
338,0,0,0,0
339,0,1,1,1
340,0,0,0,0
341,0,0,0,0
342,1,0,0,0
343,2,0,0,0
344,2,2,2,2
345,0,1,1,1
346,0,2,2,2
347,1,0,0,0
348,2,1,1,1
349,2,1,1,1
350,0,0,0,0
351,0,2,2,2
352,0,2,2,2
353,1,0,0,0
354,1,1,1,1
355,0,2,2,2
356,0,0,0,0
357,2,1,1,1
358,1,1,1,1
359,1,2,2,2
360,0,0,0,0
361,2,1,1,1
362,1,0,0,0
363,0,1,1,1
364,2,2,2,2
365,2,0,0,0
366,0,0,0,0
367,1,2,2,2
368,0,2,2,2
369,2,0,0,0
370,0,1,1,1
371,2,1,1,1
372,2,1,1,1
373,1,1,1,1
374,2,0,0,0
375,1,0,0,0
376,0,1,1,1
377,1,2,2,2
378,1,2,2,2
379,2,1,1,1
380,2,2,2,2
381,1,2,2,2
382,0,0,0,0
383,1,0,0,0
384,1,0,0,0
385,1,2,2,2
386,0,1,1,1
387,1,1,1,1
388,2,2,2,2
389,1,2,2,2
390,1,1,1,1
391,0,1,1,1
392,0,1,1,1
393,2,0,0,0
394,2,0,0,0
395,1,0,0,0
396,0,2,2,2
397,2,0,0,0
398,2,1,1,1
399,0,1,1,1
400,2,1,1,1
401,1,1,1,1
402,2,1,1,1
403,1,0,0,0
404,2,1,1,1
405,1,2,2,2
406,1,2,2,2
407,1,2,2,2
408,1,2,2,2
409,0,0,0,0
410,0,0,0,0
411,1,2,2,2
412,0,1,1,1
413,2,1,1,1
414,2,2,2,2
415,0,0,0,0
416,0,0,0,0
417,1,0,0,0
418,0,0,0,0
419,1,1,1,1
420,1,1,1,1
421,2,2,2,2
422,2,1,1,1
423,0,1,1,1
424,0,2,2,2
425,1,0,0,0
426,1,0,0,0
427,1,0,0,0
428,2,1,1,1
429,1,1,1,1
430,2,2,2,2
431,1,1,1,1
432,1,0,0,0
433,1,0,0,0
434,0,1,1,1
435,0,0,0,0
436,0,2,2,2
437,2,1,1,1
438,0,2,2,2
439,2,0,0,0
440,2,0,0,0
441,0,2,2,2
442,0,2,2,2
443,0,1,1,1
444,2,2,2,2
445,2,2,2,2
446,1,1,1,1
447,2,1,1,1
448,1,1,1,1
449,1,2,2,2
450,2,0,0,0
451,0,1,1,1
452,1,2,2,2
453,0,0,0,0
454,0,0,0,0
455,2,1,1,1
456,1,2,2,2
457,2,0,0,0
458,1,2,2,2
459,2,2,2,2
460,0,2,2,2
461,2,0,0,0
462,0,2,2,2
463,0,1,1,1
464,2,1,1,1
465,1,0,0,0
466,1,0,0,0
467,1,1,1,1
468,1,2,2,2
469,2,0,0,0
470,0,1,1,1
471,1,1,1,1
472,2,0,0,0
473,2,1,1,1
474,2,2,2,2
475,0,1,1,1
476,1,0,0,0
477,2,1,1,1
478,2,2,2,2
479,1,2,2,2
480,2,1,1,1
481,2,1,1,1
482,0,2,2,2
483,2,2,2,2
484,2,2,2,2
485,0,2,2,2
486,0,1,1,1
487,2,2,2,2
488,0,2,2,2
489,2,1,1,1
490,2,1,1,1
491,1,2,2,2
492,2,0,0,0
493,1,0,0,0
494,0,1,1,1
495,2,2,2,2
496,0,1,1,1
497,0,0,0,0
498,2,0,0,0
499,0,0,0,0
500,1,0,0,0
501,2,2,2,2
502,2,1,1,1
503,1,2,2,2
504,1,2,2,2
505,2,1,1,1
506,1,2,2,2
507,2,1,1,1
508,2,1,1,1
509,2,2,2,2
510,1,2,2,2
511,0,2,2,2
512,0,2,2,2
513,0,2,2,2
514,2,2,2,2
515,1,0,0,0
516,1,2,2,2
517,1,1,1,1
518,1,1,1,1
519,2,2,2,2
520,1,0,0,0
521,2,0,0,0
522,1,0,0,0
523,1,0,0,0
524,2,0,0,0
525,0,2,2,2
526,0,2,2,2
527,0,0,0,0
528,0,1,1,1
529,1,2,2,2
530,1,2,2,2
531,0,0,0,0
532,2,0,0,0
533,0,1,1,1
534,2,2,2,2
535,1,2,2,2
536,2,2,2,2
537,2,2,2,2
538,1,2,2,2
539,2,0,0,0
540,2,2,2,2
541,1,2,2,2
542,1,0,0,0
543,0,2,2,2
544,2,0,0,0
545,2,1,1,1
546,0,2,2,2
547,1,1,1,1
548,2,0,0,0
549,1,0,0,0
550,1,0,0,0
551,1,1,1,1
552,0,2,2,2
553,0,2,2,2
554,2,1,1,1
555,1,1,1,1
556,0,0,0,0
557,0,0,0,0
558,1,2,2,2
559,1,2,2,2
560,1,2,2,2
561,2,0,0,0
562,2,0,0,0
563,2,2,2,2
564,1,0,0,0
565,2,1,1,1
566,0,1,1,1
567,1,0,0,0
568,2,1,1,1
569,1,0,0,0
570,0,1,1,1
571,1,2,2,2
572,2,0,0,0
573,1,0,0,0
574,0,1,1,1
575,1,2,2,2
576,0,0,0,0
577,0,2,2,2
578,0,2,2,2
579,0,1,1,1
580,2,2,2,2
581,2,0,0,0
582,0,2,2,2
583,1,1,1,1
584,0,1,1,1
585,2,2,2,2
586,0,1,1,1
587,1,2,2,2
588,0,0,0,0
589,0,1,1,1
590,0,1,1,1
591,1,2,2,2
592,0,1,1,1
593,1,0,0,0
594,2,1,1,1
595,2,2,2,2
596,2,0,0,0
597,2,2,2,2
598,1,1,1,1
599,1,0,0,0
600,0,1,1,1
601,2,0,0,0
602,0,2,2,2
603,1,0,0,0
604,1,2,2,2
605,0,0,0,0
606,2,0,0,0
607,0,0,0,0
608,2,1,1,1
609,2,0,0,0
610,1,2,2,2
611,1,2,2,2
612,0,2,2,2
613,2,0,0,0
614,0,0,0,0
615,1,1,1,1
616,1,2,2,2
617,0,0,0,0
618,1,0,0,0
619,0,1,1,1
620,0,0,0,0
621,1,0,0,0
622,1,1,1,1
623,2,2,2,2
624,2,0,0,0
625,0,0,0,0
626,0,1,1,1
627,2,0,0,0
628,0,1,1,1
629,2,1,1,1
630,2,1,1,1
631,0,2,2,2
632,1,2,2,2
633,1,0,0,0
634,2,2,2,2
635,0,1,1,1
636,1,2,2,2
637,0,0,0,0
638,1,2,2,2
639,1,2,2,2
640,2,0,0,0
641,2,2,2,2
642,0,1,1,1
643,0,1,1,1
644,0,1,1,1
645,1,2,2,2
646,0,1,1,1
647,2,2,2,2
648,0,2,2,2
649,1,0,0,0
650,0,0,0,0
651,2,1,1,1
652,0,0,0,0
653,0,1,1,1
654,2,0,0,0
655,0,2,2,2
656,0,2,2,2
657,2,2,2,2
658,2,0,0,0
659,2,0,0,0
660,2,0,0,0
661,0,0,0,0
662,0,0,0,0
663,1,0,0,0
664,1,0,0,0
665,0,1,1,1
666,0,1,1,1
667,1,2,2,2
668,0,1,1,1
669,1,2,2,2
670,1,1,1,1
671,0,2,2,2
672,2,1,1,1
673,2,0,0,0
674,0,0,0,0
675,1,2,2,2
676,0,1,1,1
677,0,1,1,1
678,0,0,0,0
679,2,1,1,1
680,0,2,2,2
681,0,2,2,2
682,2,1,1,1
683,1,0,0,0
684,1,0,0,0
685,1,2,2,2
686,2,2,2,2
687,1,0,0,0
688,0,2,2,2
689,2,1,1,1
690,0,1,1,1
691,2,2,2,2
692,1,0,0,0
693,0,1,1,1
694,2,1,1,1
695,1,0,0,0
696,2,0,0,0
697,0,0,0,0
698,2,1,1,1
699,1,2,2,2
700,2,1,1,1
701,0,0,0,0
702,2,1,1,1
703,1,2,2,2
704,1,1,1,1
705,1,2,2,2
706,0,2,2,2
707,0,0,0,0
708,2,2,2,2
709,2,2,2,2
710,1,1,1,1
711,0,0,0,0
712,0,1,1,1
713,1,2,2,2
714,2,2,2,2
715,1,1,1,1
716,0,2,2,2
717,1,0,0,0
718,2,0,0,0
719,2,1,1,1
720,1,2,2,2
721,2,0,0,0
722,2,1,1,1
723,0,1,1,1
724,0,1,1,1
725,0,0,0,0
726,2,0,0,0
727,1,0,0,0
728,1,1,1,1
729,1,1,1,1
730,1,0,0,0
731,0,0,0,0
732,2,1,1,1
733,1,0,0,0
734,1,1,1,1
735,1,1,1,1
736,2,2,2,2
737,2,1,1,1
738,0,2,2,2
739,1,2,2,2
740,1,1,1,1
741,0,0,0,0
742,2,2,2,2
743,0,0,0,0
744,2,1,1,1
745,1,0,0,0
746,2,1,1,1
747,2,0,0,0
748,2,2,2,2
749,2,2,2,2
750,2,1,1,1
751,1,2,2,2
752,0,1,1,1
753,1,0,0,0
754,1,1,1,1
755,1,2,2,2
756,2,2,2,2
757,0,2,2,2
758,2,1,1,1
759,0,2,2,2
760,2,2,2,2
761,0,1,1,1
762,0,2,2,2
763,2,1,1,1
764,0,1,1,1
765,1,0,0,0
766,0,2,2,2
767,1,2,2,2
768,2,0,0,0
769,2,1,1,1
770,1,2,2,2
771,1,2,2,2
772,1,2,2,2
773,2,1,1,1
774,2,1,1,1
775,1,2,2,2
776,1,0,0,0
777,0,2,2,2
778,2,1,1,1
779,2,1,1,1
780,0,2,2,2
781,0,0,0,0
782,2,1,1,1
783,2,0,0,0
784,2,0,0,0
785,1,0,0,0
786,0,0,0,0
787,0,0,0,0
788,1,2,2,2
789,2,2,2,2
790,2,1,1,1
791,0,1,1,1
792,2,1,1,1
793,2,0,0,0
794,0,0,0,0
795,0,2,2,2
796,0,2,2,2
797,2,1,1,1
798,1,1,1,1
799,1,0,0,0
800,0,2,2,2
801,1,2,2,2
802,0,0,0,0
803,1,1,1,1
804,2,0,0,0
805,0,0,0,0
806,0,1,1,1
807,1,2,2,2
808,2,2,2,2
809,2,0,0,0
810,1,1,1,1
811,2,2,2,2
812,1,0,0,0
813,1,2,2,2
814,2,1,1,1
815,1,2,2,2
816,1,2,2,2
817,0,1,1,1
818,0,1,1,1
819,1,2,2,2
820,1,1,1,1
821,1,0,0,0
822,0,2,2,2
823,1,2,2,2
824,0,0,0,0
825,2,1,1,1
826,1,0,0,0
827,2,1,1,1
828,0,0,0,0
829,0,1,1,1
830,1,1,1,1
831,1,0,0,0
832,2,2,2,2
833,0,2,2,2
834,1,1,1,1
835,0,0,0,0
836,1,1,1,1
837,1,2,2,2
838,2,1,1,1
839,2,0,0,0
840,1,2,2,2
841,1,1,1,1
842,0,2,2,2
843,0,2,2,2
844,2,0,0,0
845,2,0,0,0
846,0,1,1,1
847,1,1,1,1
848,2,1,1,1
849,1,1,1,1
850,1,2,2,2
851,1,0,0,0
852,0,2,2,2
853,0,2,2,2
854,2,0,0,0
855,2,1,1,1
856,2,0,0,0
857,0,0,0,0
858,0,2,2,2
859,0,0,0,0
860,0,0,0,0
861,2,1,1,1
862,0,2,2,2
863,2,1,1,1
864,2,2,2,2
865,1,0,0,0
866,1,0,0,0
867,2,0,0,0
868,0,1,1,1
869,2,1,1,1
870,1,2,2,2
871,0,0,0,0
872,2,1,1,1
873,0,0,0,0
874,2,2,2,2
875,0,1,1,1
876,2,0,0,0
877,2,2,2,2
878,1,0,0,0
879,2,2,2,2
880,2,2,2,2
881,1,0,0,0
882,0,2,2,2
883,1,0,0,0
884,2,0,0,0
885,0,2,2,2
886,0,0,0,0
887,0,1,1,1
888,0,0,0,0
889,0,1,1,1
890,1,0,0,0
891,0,0,0,0
892,0,0,0,0
893,2,0,0,0
894,2,0,0,0
895,1,0,0,0
896,1,2,2,2
897,1,1,1,1
898,0,0,0,0
899,1,1,1,1
900,2,2,2,2
901,1,0,0,0
902,1,0,0,0
903,0,1,1,1
904,1,0,0,0
905,1,1,1,1
906,2,0,0,0
907,1,1,1,1
908,1,0,0,0
909,2,1,1,1
910,0,0,0,0
911,1,0,0,0
912,1,1,1,1
913,0,1,1,1
914,1,0,0,0
915,2,2,2,2
916,2,2,2,2
917,2,0,0,0
918,0,2,2,2
919,1,1,1,1
920,1,0,0,0
921,2,1,1,1
922,0,2,2,2
923,0,1,1,1
924,1,0,0,0
925,1,2,2,2
926,0,0,0,0
927,2,2,2,2
928,1,1,1,1
929,0,0,0,0
930,0,1,1,1
931,0,1,1,1
932,0,2,2,2
933,0,0,0,0
934,1,1,1,1
935,1,2,2,2
936,1,2,2,2
937,2,2,2,2
938,0,0,0,0
939,2,2,2,2
940,2,1,1,1
941,0,0,0,0
942,1,2,2,2
943,0,0,0,0
944,0,0,0,0
945,1,0,0,0
946,1,2,2,2
947,2,2,2,2
948,2,0,0,0
949,1,2,2,2
950,1,2,2,2
951,2,1,1,1
952,0,1,1,1
953,1,0,0,0
954,1,2,2,2
955,1,0,0,0
956,0,1,1,1
957,0,1,1,1
958,2,1,1,1
959,2,0,0,0
960,2,1,1,1
961,1,1,1,1
962,1,2,2,2
963,1,2,2,2
964,2,1,1,1
965,2,2,2,2
966,2,2,2,2
967,0,2,2,2
968,0,2,2,2
969,2,0,0,0
970,1,2,2,2
971,2,0,0,0
972,0,0,0,0
973,0,0,0,0
974,1,1,1,1
975,2,2,2,2
976,2,1,1,1
977,1,2,2,2
978,1,1,1,1
979,2,1,1,1
980,2,0,0,0
981,1,2,2,2
982,2,0,0,0
983,1,1,1,1
984,0,0,0,0
985,1,2,2,2
986,1,0,0,0
987,1,0,0,0
988,2,1,1,1
989,2,2,2,2
990,1,1,1,1
991,0,1,1,1
992,1,2,2,2
993,2,2,2,2
994,0,2,2,2
995,0,1,1,1
996,1,2,2,2
997,2,1,1,1
998,0,0,0,0
999,2,0,0,0
1000,0,0,0,0
1001,1,2,2,2
1002,2,0,0,0
1003,2,2,2,2
1004,0,0,0,0
1005,1,1,1,1
1006,2,1,1,1
1007,0,2,2,2
1008,0,1,1,1
1009,2,1,1,1
1010,0,2,2,2
1011,1,2,2,2
1012,1,1,1,1
1013,2,1,1,1
1014,2,1,1,1
1015,2,0,0,0
1016,0,1,1,1
1017,1,1,1,1
1018,2,2,2,2
1019,0,0,0,0
1020,0,2,2,2
1021,0,1,1,1
1022,2,1,1,1
1023,1,0,0,0
1024,1,1,1,1
1025,2,1,1,1
1026,0,0,0,0
1027,1,1,1,1
1028,2,1,1,1
1029,1,1,1,1
1030,2,1,1,1
1031,1,1,1,1
1032,0,0,0,0
1033,2,0,0,0
1034,1,0,0,0
1035,2,0,0,0
1036,2,0,0,0
1037,1,0,0,0
1038,1,2,2,2
1039,2,1,1,1
1040,1,2,2,2
1041,0,0,0,0
1042,2,0,0,0
1043,1,0,0,0
1044,1,2,2,2
1045,2,1,1,1
1046,0,1,1,1
1047,2,1,1,1
1048,2,1,1,1
1049,1,2,2,2
1050,1,2,2,2
1051,0,2,2,2
1052,0,0,0,0
1053,2,1,1,1
1054,0,0,0,0
1055,0,2,2,2
1056,2,2,2,2
1057,0,0,0,0
1058,1,1,1,1
1059,1,0,0,0
1060,2,1,1,1
1061,2,2,2,2
1062,0,2,2,2
1063,1,2,2,2
1064,1,0,0,0
1065,0,1,1,1
1066,2,0,0,0
1067,1,1,1,1
1068,2,1,1,1
1069,2,1,1,1
1070,0,0,0,0
1071,1,2,2,2
1072,2,2,2,2
1073,2,0,0,0
1074,0,1,1,1
1075,2,0,0,0
1076,1,2,2,2
1077,2,2,2,2
1078,1,1,1,1
1079,2,2,2,2
1080,1,0,0,0
1081,0,2,2,2
1082,2,0,0,0
1083,2,1,1,1
1084,2,1,1,1
1085,1,2,2,2
1086,0,0,0,0
1087,1,1,1,1
1088,1,2,2,2
1089,1,2,2,2
1090,0,2,2,2
1091,2,1,1,1
1092,2,2,2,2
1093,1,2,2,2
1094,2,2,2,2
1095,1,2,2,2
1096,0,2,2,2
1097,1,2,2,2
1098,1,0,0,0
1099,1,0,0,0
1100,1,2,2,2
1101,2,1,1,1
1102,1,1,1,1
1103,0,0,0,0
1104,1,1,1,1
1105,1,1,1,1
1106,1,0,0,0
1107,2,0,0,0
1108,1,2,2,2
1109,0,0,0,0
1110,0,2,2,2
1111,1,2,2,2
1112,2,2,2,2
1113,1,0,0,0
1114,1,2,2,2
1115,2,0,0,0
1116,2,0,0,0
1117,2,0,0,0
1118,2,0,0,0
1119,1,0,0,0
1120,2,0,0,0
1121,0,1,1,1
1122,0,2,2,2
1123,0,0,0,0
1124,2,0,0,0
1125,2,1,1,1
1126,0,2,2,2
1127,1,1,1,1
1128,2,0,0,0
1129,2,0,0,0
1130,1,2,2,2
1131,2,0,0,0
1132,1,0,0,0
1133,2,1,1,1
1134,2,2,2,2
1135,1,0,0,0
1136,0,0,0,0
1137,1,2,2,2
1138,2,1,1,1
1139,0,2,2,2
1140,2,2,2,2
1141,1,0,0,0
1142,1,1,1,1
1143,0,0,0,0
1144,0,2,2,2
1145,0,2,2,2
1146,1,0,0,0
1147,2,1,1,1
1148,2,2,2,2
1149,0,1,1,1
1150,0,0,0,0
1151,2,2,2,2
1152,1,2,2,2
1153,0,0,0,0
1154,2,1,1,1
1155,1,2,2,2
1156,2,2,2,2
1157,0,1,1,1
1158,2,2,2,2
1159,0,0,0,0
1160,2,2,2,2
1161,1,0,0,0
1162,0,1,1,1
1163,2,2,2,2
1164,2,2,2,2
1165,0,2,2,2
1166,1,0,0,0
1167,2,2,2,2
1168,0,2,2,2
1169,2,1,1,1
1170,2,2,2,2
1171,0,0,0,0
1172,1,2,2,2
1173,1,1,1,1
1174,0,1,1,1
1175,2,0,0,0
1176,0,1,1,1
1177,1,1,1,1
1178,0,0,0,0
1179,0,1,1,1
1180,0,1,1,1
1181,2,0,0,0
1182,2,2,2,2
1183,2,2,2,2
1184,0,0,0,0
1185,2,0,0,0
1186,2,2,2,2
1187,2,0,0,0
1188,1,0,0,0
1189,1,2,2,2
1190,2,0,0,0
1191,0,2,2,2
1192,1,0,0,0
1193,1,0,0,0
1194,2,1,1,1
1195,1,1,1,1
1196,0,2,2,2
1197,2,2,2,2
1198,2,1,1,1
1199,2,0,0,0
1200,0,0,0,0
1201,1,1,1,1
1202,2,2,2,2
1203,2,0,0,0
1204,2,1,1,1
1205,2,2,2,2
1206,1,0,0,0
1207,0,0,0,0
1208,0,1,1,1
1209,2,0,0,0
1210,1,0,0,0
1211,0,2,2,2
1212,2,1,1,1
1213,1,0,0,0
1214,0,0,0,0
1215,1,2,2,2
1216,1,1,1,1
1217,1,2,2,2
1218,1,2,2,2
1219,0,1,1,1
1220,1,1,1,1
1221,0,1,1,1
1222,0,2,2,2
1223,2,2,2,2
1224,1,2,2,2
1225,1,1,1,1
1226,1,2,2,2
1227,0,0,0,0
1228,0,0,0,0
1229,2,0,0,0
1230,1,1,1,1
1231,2,2,2,2
1232,2,0,0,0
1233,0,2,2,2
1234,2,1,1,1
1235,0,1,1,1
1236,2,0,0,0
1237,2,2,2,2
1238,0,0,0,0
1239,1,0,0,0
1240,2,2,2,2
1241,2,1,1,1
1242,2,2,2,2
1243,2,1,1,1
1244,2,1,1,1
1245,1,0,0,0
1246,2,1,1,1
1247,2,1,1,1
1248,1,2,2,2
1249,2,0,0,0
1250,1,0,0,0
1251,0,1,1,1
1252,0,2,2,2
1253,2,1,1,1
1254,2,2,2,2
1255,0,0,0,0
1256,0,2,2,2
1257,1,1,1,1
1258,0,2,2,2
1259,2,2,2,2
1260,2,1,1,1
1261,2,0,0,0
1262,2,1,1,1
1263,2,1,1,1
1264,1,1,1,1
1265,2,2,2,2
1266,2,1,1,1
1267,0,0,0,0
1268,0,1,1,1
1269,0,1,1,1
1270,2,0,0,0
1271,1,0,0,0
1272,2,1,1,1
1273,1,2,2,2
1274,2,1,1,1
1275,0,2,2,2
1276,2,1,1,1
1277,1,2,2,2
1278,2,2,2,2
1279,1,2,2,2
1280,0,2,2,2
1281,0,2,2,2
1282,1,2,2,2
1283,2,1,1,1
1284,0,2,2,2
1285,1,2,2,2
1286,1,1,1,1
1287,1,1,1,1
1288,2,2,2,2
1289,2,0,0,0
1290,2,0,0,0
1291,1,1,1,1
1292,1,2,2,2
1293,2,0,0,0
1294,2,0,0,0
1295,0,0,0,0
1296,1,1,1,1
1297,2,0,0,0
1298,2,1,1,1
1299,2,0,0,0
1300,1,2,2,2
1301,0,0,0,0
1302,2,2,2,2
1303,2,0,0,0
1304,2,2,2,2
1305,1,2,2,2
1306,0,1,1,1
1307,0,2,2,2
1308,0,1,1,1
1309,2,0,0,0
1310,0,0,0,0
1311,0,0,0,0
1312,1,0,0,0
1313,2,1,1,1
1314,0,1,1,1
1315,2,0,0,0
1316,1,0,0,0
1317,1,1,1,1
1318,0,0,0,0
1319,2,1,1,1
1320,0,1,1,1
1321,0,1,1,1
1322,2,0,0,0
1323,1,2,2,2
1324,2,0,0,0
1325,2,0,0,0
1326,2,2,2,2
1327,2,0,0,0
1328,1,1,1,1
1329,0,0,0,0
1330,1,0,0,0
1331,1,1,1,1
1332,1,1,1,1
1333,1,0,0,0
1334,0,2,2,2
1335,2,2,2,2
1336,2,0,0,0
1337,1,1,1,1
1338,2,2,2,2
1339,0,2,2,2
1340,2,1,1,1
1341,1,0,0,0
1342,0,0,0,0
1343,2,2,2,2
1344,1,1,1,1
1345,2,0,0,0
1346,0,1,1,1
1347,1,0,0,0
1348,2,0,0,0
1349,2,0,0,0
1350,1,1,1,1
1351,1,1,1,1
1352,2,1,1,1
1353,0,2,2,2
1354,1,2,2,2
1355,1,2,2,2
1356,0,1,1,1
1357,0,1,1,1
1358,0,1,1,1
1359,0,0,0,0
1360,0,0,0,0
1361,2,2,2,2
1362,0,2,2,2
1363,2,0,0,0
1364,1,1,1,1
1365,2,0,0,0
1366,0,1,1,1
1367,2,0,0,0
1368,1,2,2,2
1369,2,0,0,0
1370,0,0,0,0
1371,2,0,0,0
1372,0,2,2,2
1373,1,1,1,1
1374,0,2,2,2
1375,1,1,1,1
1376,1,1,1,1
1377,0,0,0,0
1378,2,2,2,2
1379,2,2,2,2
1380,2,1,1,1
1381,2,1,1,1
1382,0,1,1,1
1383,1,0,0,0
1384,2,1,1,1
1385,0,0,0,0
1386,2,1,1,1
1387,2,0,0,0
1388,1,2,2,2
1389,1,2,2,2
1390,2,2,2,2
1391,1,2,2,2
1392,2,2,2,2
1393,2,2,2,2
1394,1,2,2,2
1395,2,1,1,1
1396,2,0,0,0
1397,2,1,1,1
1398,1,0,0,0
1399,2,0,0,0
1400,0,2,2,2
1401,2,1,1,1
1402,0,1,1,1
1403,2,1,1,1
1404,0,2,2,2
1405,1,1,1,1
1406,0,2,2,2
1407,1,2,2,2
1408,2,0,0,0
1409,1,0,0,0
1410,0,1,1,1
1411,1,0,0,0
1412,2,2,2,2
1413,1,1,1,1
1414,2,1,1,1
1415,2,2,2,2
1416,0,0,0,0
1417,1,1,1,1
1418,0,1,1,1
1419,0,0,0,0
1420,1,2,2,2
1421,0,2,2,2
1422,2,1,1,1
1423,1,2,2,2
1424,2,1,1,1
1425,0,1,1,1
1426,0,2,2,2
1427,0,0,0,0
1428,1,0,0,0
1429,2,2,2,2
1430,2,1,1,1
1431,1,2,2,2
1432,2,2,2,2
1433,2,0,0,0
1434,0,0,0,0
1435,1,2,2,2
1436,0,0,0,0
1437,1,0,0,0
1438,0,1,1,1
1439,1,2,2,2
1440,2,1,1,1
1441,2,2,2,2
1442,1,0,0,0
1443,1,1,1,1
1444,1,0,0,0
1445,2,1,1,1
1446,2,0,0,0
1447,0,2,2,2
1448,1,0,0,0
1449,1,1,1,1
1450,1,1,1,1
1451,1,1,1,1
1452,2,2,2,2
1453,0,2,2,2
1454,0,1,1,1
1455,1,0,0,0
1456,1,0,0,0
1457,0,2,2,2
1458,0,1,1,1
1459,2,0,0,0
1460,0,0,0,0
1461,2,2,2,2
1462,2,2,2,2
1463,1,0,0,0
1464,1,0,0,0
1465,0,1,1,1
1466,0,0,0,0
1467,1,0,0,0
1468,0,0,0,0
1469,1,1,1,1
1470,2,1,1,1
1471,1,0,0,0
1472,1,1,1,1
1473,1,0,0,0
1474,1,2,2,2
1475,2,0,0,0
1476,1,2,2,2
1477,1,1,1,1
1478,1,2,2,2
1479,2,1,1,1
1480,2,1,1,1
1481,2,1,1,1
1482,0,1,1,1
1483,1,1,1,1
1484,2,2,2,2
1485,0,2,2,2
1486,1,2,2,2
1487,0,0,0,0
1488,1,0,0,0
1489,1,2,2,2
1490,2,0,0,0
1491,2,2,2,2
1492,1,1,1,1
1493,0,1,1,1
1494,1,0,0,0
1495,1,1,1,1
1496,2,2,2,2
1497,0,2,2,2
1498,2,0,0,0
1499,0,0,0,0
1500,2,2,2,2
1501,2,0,0,0
1502,1,2,2,2
1503,0,0,0,0
1504,1,2,2,2
1505,2,2,2,2
1506,1,2,2,2
1507,0,2,2,2
1508,0,0,0,0
1509,0,2,2,2
1510,1,0,0,0
1511,2,0,0,0
1512,2,2,2,2
1513,1,1,1,1
1514,2,1,1,1
1515,1,2,2,2
1516,0,2,2,2
1517,1,1,1,1
1518,0,1,1,1
1519,0,2,2,2
1520,0,0,0,0
1521,2,0,0,0
1522,2,0,0,0
1523,0,2,2,2
1524,1,2,2,2
1525,0,0,0,0
1526,2,2,2,2
1527,2,1,1,1
1528,2,1,1,1
1529,1,0,0,0
1530,1,1,1,1
1531,0,2,2,2
1532,0,2,2,2
1533,1,0,0,0
1534,0,0,0,0
1535,2,0,0,0
1536,2,2,2,2
1537,2,2,2,2
1538,2,2,2,2
1539,1,2,2,2
1540,2,2,2,2
1541,2,2,2,2
1542,2,1,1,1
1543,1,1,1,1
1544,0,0,0,0
1545,1,2,2,2
1546,0,2,2,2
1547,1,2,2,2
1548,2,1,1,1
1549,0,1,1,1
1550,2,1,1,1
1551,0,2,2,2
1552,1,2,2,2
1553,2,1,1,1
1554,1,1,1,1
1555,2,2,2,2
1556,0,0,0,0
1557,1,1,1,1
1558,1,0,0,0
1559,2,1,1,1
1560,1,0,0,0
1561,0,0,0,0
1562,1,2,2,2
1563,0,1,1,1
1564,0,0,0,0
1565,1,2,2,2
1566,1,0,0,0
1567,1,2,2,2
1568,2,0,0,0
1569,1,2,2,2
1570,2,0,0,0
1571,0,0,0,0
1572,2,2,2,2
1573,0,1,1,1
1574,0,2,2,2
1575,0,2,2,2
1576,2,1,1,1
1577,0,2,2,2
1578,2,2,2,2
1579,2,1,1,1
1580,2,2,2,2
1581,2,2,2,2
1582,2,1,1,1
1583,1,0,0,0
1584,2,2,2,2
1585,1,0,0,0
1586,1,2,2,2
1587,0,2,2,2
1588,2,2,2,2
1589,0,1,1,1
1590,1,2,2,2
1591,1,2,2,2
1592,1,1,1,1
1593,2,0,0,0
1594,0,1,1,1
1595,1,1,1,1
1596,1,2,2,2
1597,1,2,2,2
1598,0,2,2,2
1599,1,1,1,1
1600,2,2,2,2
1601,1,1,1,1
1602,2,2,2,2
1603,1,1,1,1
1604,1,0,0,0
1605,2,1,1,1
1606,0,0,0,0
1607,0,0,0,0
1608,2,1,1,1
1609,0,1,1,1
1610,1,2,2,2
1611,1,1,1,1
1612,1,1,1,1
1613,1,1,1,1
1614,0,1,1,1
1615,1,0,0,0
1616,2,2,2,2
1617,0,2,2,2
1618,0,1,1,1
1619,1,0,0,0
1620,1,1,1,1
1621,0,2,2,2
1622,0,2,2,2
1623,0,2,2,2
1624,1,2,2,2
1625,1,1,1,1
1626,2,0,0,0
1627,2,2,2,2
1628,1,2,2,2
1629,0,1,1,1
1630,2,0,0,0
1631,2,0,0,0
1632,0,2,2,2
1633,1,0,0,0
1634,0,2,2,2
1635,0,2,2,2
1636,0,0,0,0
1637,2,1,1,1
1638,0,0,0,0
1639,1,0,0,0
1640,0,2,2,2
1641,2,0,0,0
1642,1,2,2,2
1643,0,0,0,0
1644,1,0,0,0
1645,1,1,1,1
1646,2,2,2,2
1647,2,2,2,2
1648,2,2,2,2
1649,0,1,1,1
1650,0,0,0,0
1651,0,2,2,2
1652,2,0,0,0
1653,1,0,0,0
1654,1,2,2,2
1655,1,1,1,1
1656,0,1,1,1
1657,0,2,2,2
1658,0,2,2,2
1659,1,1,1,1
1660,1,1,1,1
1661,0,1,1,1
1662,1,0,0,0
1663,0,1,1,1
1664,0,1,1,1
1665,1,1,1,1
1666,0,1,1,1
1667,1,0,0,0
1668,0,1,1,1
1669,1,0,0,0
1670,2,1,1,1
1671,0,2,2,2
1672,2,0,0,0
1673,2,0,0,0
1674,2,0,0,0
1675,0,2,2,2
1676,1,0,0,0
1677,0,1,1,1
1678,1,1,1,1
1679,2,2,2,2
1680,0,1,1,1
1681,1,1,1,1
1682,1,0,0,0
1683,0,0,0,0
1684,2,1,1,1
1685,0,0,0,0
1686,0,2,2,2
1687,0,2,2,2
1688,0,0,0,0
1689,0,0,0,0
1690,1,2,2,2
1691,1,0,0,0
1692,0,2,2,2
1693,1,1,1,1
1694,2,1,1,1
1695,0,2,2,2
1696,0,1,1,1
1697,2,1,1,1
1698,1,0,0,0
1699,1,1,1,1
1700,1,2,2,2
1701,2,2,2,2
1702,2,0,0,0
1703,2,2,2,2
1704,1,2,2,2
1705,1,1,1,1
1706,0,0,0,0
1707,1,2,2,2
1708,0,0,0,0
1709,0,1,1,1
1710,2,0,0,0
1711,2,2,2,2
1712,1,0,0,0
1713,1,1,1,1
1714,1,0,0,0
1715,0,1,1,1
1716,2,2,2,2
1717,1,0,0,0
1718,2,2,2,2
1719,1,2,2,2
1720,2,1,1,1
1721,0,1,1,1
1722,1,0,0,0
1723,2,1,1,1
1724,2,2,2,2
1725,0,2,2,2
1726,1,0,0,0
1727,1,2,2,2
1728,2,0,0,0
1729,2,2,2,2
1730,1,0,0,0
1731,1,0,0,0
1732,1,2,2,2
1733,0,2,2,2
1734,0,2,2,2
1735,0,1,1,1
1736,1,2,2,2
1737,2,2,2,2
1738,2,0,0,0
1739,2,1,1,1
1740,0,2,2,2
1741,2,1,1,1
1742,0,2,2,2
1743,2,0,0,0
1744,0,1,1,1
1745,2,0,0,0
1746,0,1,1,1
1747,1,1,1,1
1748,0,1,1,1
1749,0,2,2,2
1750,0,1,1,1
1751,1,1,1,1
1752,2,0,0,0
1753,1,2,2,2
1754,2,2,2,2
1755,1,2,2,2
1756,0,0,0,0
1757,0,1,1,1
1758,2,0,0,0
1759,0,2,2,2
1760,0,0,0,0
1761,1,1,1,1
1762,0,2,2,2
1763,2,0,0,0
1764,1,2,2,2
1765,2,0,0,0
1766,0,2,2,2
1767,1,0,0,0
1768,2,2,2,2
1769,2,2,2,2
1770,1,1,1,1
1771,0,1,1,1
1772,0,2,2,2
1773,2,1,1,1
1774,1,0,0,0
1775,2,2,2,2
1776,0,0,0,0
1777,1,0,0,0
1778,0,1,1,1
1779,2,1,1,1
1780,1,1,1,1
1781,2,2,2,2
1782,2,1,1,1
1783,1,0,0,0
1784,2,1,1,1
1785,2,1,1,1
1786,1,0,0,0
1787,0,2,2,2
1788,2,2,2,2
1789,1,0,0,0
1790,0,0,0,0
1791,0,1,1,1
1792,0,0,0,0
1793,2,0,0,0
1794,0,1,1,1
1795,2,0,0,0
1796,2,2,2,2
1797,2,1,1,1
1798,0,0,0,0
1799,2,2,2,2
1800,1,0,0,0
1801,0,2,2,2
1802,1,1,1,1
1803,0,2,2,2
1804,2,0,0,0
1805,0,0,0,0
1806,0,2,2,2
1807,1,0,0,0
1808,2,0,0,0
1809,0,1,1,1
1810,1,0,0,0
1811,0,2,2,2
1812,2,1,1,1
1813,2,0,0,0
1814,2,2,2,2
1815,2,2,2,2
1816,1,0,0,0
1817,1,1,1,1
1818,0,1,1,1
1819,1,0,0,0
1820,2,0,0,0
1821,1,2,2,2
1822,0,1,1,1
1823,2,1,1,1
1824,2,0,0,0
1825,0,0,0,0
1826,0,1,1,1
1827,1,2,2,2
1828,1,2,2,2
1829,2,0,0,0
1830,1,0,0,0
1831,2,0,0,0
1832,2,1,1,1
1833,2,0,0,0
1834,0,2,2,2
1835,2,2,2,2
1836,2,1,1,1
1837,0,2,2,2
1838,0,2,2,2
1839,2,1,1,1
1840,0,0,0,0
1841,0,1,1,1
1842,2,0,0,0
1843,0,2,2,2
1844,1,1,1,1
1845,2,2,2,2
1846,1,2,2,2
1847,2,1,1,1
1848,1,2,2,2
1849,0,0,0,0
1850,0,1,1,1
1851,0,2,2,2
1852,0,1,1,1
1853,1,2,2,2
1854,2,2,2,2
1855,0,0,0,0
1856,2,0,0,0
1857,0,1,1,1
1858,0,2,2,2
1859,1,1,1,1
1860,1,0,0,0
1861,2,1,1,1
1862,1,0,0,0
1863,0,1,1,1
1864,0,2,2,2
1865,1,2,2,2
1866,1,2,2,2
1867,1,0,0,0
1868,2,1,1,1
1869,1,2,2,2
1870,0,0,0,0
1871,2,1,1,1
1872,2,0,0,0
1873,1,0,0,0
1874,0,0,0,0
1875,0,0,0,0
1876,1,1,1,1
1877,0,1,1,1
1878,1,1,1,1
1879,1,2,2,2
1880,0,2,2,2
1881,2,1,1,1
1882,0,1,1,1
1883,0,1,1,1
1884,1,1,1,1
1885,1,2,2,2
1886,2,1,1,1
1887,0,1,1,1
1888,2,1,1,1
1889,2,0,0,0
1890,0,2,2,2
1891,1,0,0,0
1892,2,1,1,1
1893,1,2,2,2
1894,1,0,0,0
1895,2,0,0,0
1896,0,0,0,0
1897,2,0,0,0
1898,2,1,1,1
1899,2,2,2,2
1900,2,0,0,0
1901,2,0,0,0
1902,1,1,1,1
1903,0,0,0,0
1904,2,2,2,2
1905,2,0,0,0
1906,0,1,1,1
1907,1,0,0,0
1908,0,1,1,1
1909,2,1,1,1
1910,2,0,0,0
1911,1,2,2,2
1912,1,0,0,0
1913,1,2,2,2
1914,0,0,0,0
1915,2,2,2,2
1916,0,0,0,0
1917,1,1,1,1
1918,0,2,2,2
1919,1,0,0,0
1920,2,2,2,2
1921,2,2,2,2
1922,1,2,2,2
1923,0,1,1,1
1924,2,2,2,2
1925,2,1,1,1
1926,2,2,2,2
1927,0,2,2,2
1928,1,0,0,0
1929,0,2,2,2
1930,1,2,2,2
1931,0,2,2,2
1932,2,1,1,1
1933,1,1,1,1
1934,0,0,0,0
1935,1,0,0,0
1936,2,2,2,2
1937,0,0,0,0
1938,0,0,0,0
1939,0,0,0,0
1940,1,0,0,0
1941,1,0,0,0
1942,1,1,1,1
1943,0,2,2,2
1944,0,1,1,1
1945,2,0,0,0
1946,1,1,1,1
1947,1,0,0,0
1948,1,0,0,0
1949,2,1,1,1
1950,0,1,1,1
1951,0,0,0,0
1952,0,0,0,0
1953,1,1,1,1
1954,1,1,1,1
1955,2,0,0,0
1956,2,0,0,0
1957,2,2,2,2
1958,2,1,1,1
1959,1,0,0,0
1960,1,1,1,1
1961,1,1,1,1
1962,0,0,0,0
1963,1,0,0,0
1964,2,2,2,2
1965,2,1,1,1
1966,0,1,1,1
1967,0,0,0,0
1968,0,0,0,0
1969,2,1,1,1
1970,1,1,1,1
1971,0,0,0,0
1972,0,1,1,1
1973,1,1,1,1
1974,1,1,1,1
1975,0,1,1,1
1976,2,1,1,1
1977,0,2,2,2
1978,0,1,1,1
1979,1,0,0,0
1980,1,1,1,1
1981,1,2,2,2
1982,2,0,0,0
1983,0,1,1,1
1984,0,1,1,1
1985,2,2,2,2
1986,1,0,0,0
1987,1,0,0,0
1988,0,1,1,1
1989,0,2,2,2
1990,0,0,0,0
1991,2,0,0,0
1992,2,2,2,2
1993,1,0,0,0
1994,2,0,0,0
1995,2,2,2,2
1996,1,2,2,2
1997,2,1,1,1
1998,1,2,2,2
1999,2,0,0,0
2000,0,2,2,2
2001,2,1,1,1
2002,0,1,1,1
2003,0,0,0,0
2004,0,0,0,0
2005,0,1,1,1
2006,2,2,2,2
2007,1,0,0,0
2008,1,0,0,0
2009,0,2,2,2
2010,0,2,2,2
2011,2,1,1,1
2012,2,0,0,0
2013,1,1,1,1
2014,0,0,0,0
2015,1,0,0,0
2016,1,1,1,1
2017,2,1,1,1
2018,1,2,2,2
2019,0,1,1,1
2020,0,1,1,1
2021,0,1,1,1
2022,0,1,1,1
2023,1,2,2,2
2024,0,2,2,2
2025,1,0,0,0
2026,2,2,2,2
2027,2,0,0,0
2028,0,2,2,2
2029,2,0,0,0
2030,2,0,0,0
2031,1,1,1,1
2032,0,0,0,0
2033,1,2,2,2
2034,0,0,0,0
2035,1,2,2,2
2036,1,2,2,2
2037,1,1,1,1
2038,0,2,2,2
2039,1,2,2,2
2040,0,2,2,2
2041,0,0,0,0
2042,1,2,2,2
2043,1,2,2,2
2044,1,1,1,1
2045,1,1,1,1
2046,1,2,2,2
2047,2,0,0,0
2048,2,2,2,2
2049,2,1,1,1
2050,0,1,1,1
2051,0,1,1,1
2052,1,0,0,0
2053,2,1,1,1
2054,1,0,0,0
2055,1,1,1,1
2056,2,1,1,1
2057,0,1,1,1
2058,0,1,1,1
2059,1,1,1,1
2060,0,0,0,0
2061,1,0,0,0
2062,0,1,1,1
2063,0,0,0,0
2064,2,2,2,2
2065,2,0,0,0
2066,0,0,0,0
2067,0,2,2,2
2068,0,0,0,0
2069,2,1,1,1
2070,0,0,0,0
2071,2,1,1,1
2072,2,0,0,0
2073,1,1,1,1
2074,1,2,2,2
2075,2,0,0,0
2076,2,2,2,2
2077,2,1,1,1
2078,2,1,1,1
2079,1,1,1,1
2080,2,0,0,0
2081,0,2,2,2
2082,2,2,2,2
2083,1,1,1,1
2084,1,2,2,2
2085,0,2,2,2
2086,1,2,2,2
2087,0,0,0,0
2088,0,1,1,1
2089,1,1,1,1
2090,1,0,0,0
2091,1,2,2,2
2092,1,0,0,0
2093,0,2,2,2
2094,2,2,2,2
2095,2,1,1,1
2096,1,0,0,0
2097,1,1,1,1
2098,1,2,2,2
2099,1,1,1,1
2100,1,2,2,2
2101,1,2,2,2
2102,2,0,0,0
2103,1,0,0,0
2104,0,2,2,2
2105,0,0,0,0
2106,1,0,0,0
2107,0,0,0,0
2108,0,2,2,2
2109,0,2,2,2
2110,1,1,1,1
2111,1,2,2,2
2112,2,1,1,1
2113,0,1,1,1
2114,0,1,1,1
2115,2,2,2,2
2116,0,0,0,0
2117,0,1,1,1
2118,2,0,0,0
2119,0,1,1,1
2120,1,0,0,0
2121,1,1,1,1
2122,0,2,2,2
2123,0,0,0,0
2124,0,1,1,1
2125,2,1,1,1
2126,1,0,0,0
2127,0,2,2,2
2128,2,0,0,0
2129,1,0,0,0
2130,2,1,1,1
2131,1,2,2,2
2132,2,1,1,1
2133,1,2,2,2
2134,1,2,2,2
2135,0,2,2,2
2136,2,1,1,1
2137,0,2,2,2
2138,0,2,2,2
2139,1,2,2,2
2140,2,0,0,0
2141,2,0,0,0
2142,2,1,1,1
2143,1,0,0,0
2144,2,0,0,0
2145,1,1,1,1
2146,1,0,0,0
2147,0,2,2,2
2148,2,2,2,2
2149,0,2,2,2
2150,0,1,1,1
2151,2,2,2,2
2152,1,2,2,2
2153,0,1,1,1
2154,2,2,2,2
2155,1,2,2,2
2156,0,2,2,2
2157,1,2,2,2
2158,0,0,0,0
2159,1,0,0,0
2160,1,0,0,0
2161,0,1,1,1
2162,2,1,1,1
2163,0,0,0,0
2164,0,2,2,2
2165,2,1,1,1
2166,2,2,2,2
2167,2,2,2,2
2168,2,1,1,1
2169,0,0,0,0
2170,1,2,2,2
2171,0,0,0,0
2172,1,0,0,0
2173,2,0,0,0
2174,0,2,2,2
2175,1,0,0,0
2176,1,2,2,2
2177,0,0,0,0
2178,1,2,2,2
2179,0,1,1,1
2180,2,1,1,1
2181,1,2,2,2
2182,0,1,1,1
2183,1,1,1,1
2184,0,1,1,1
2185,2,0,0,0
2186,2,0,0,0
2187,2,1,1,1
2188,0,1,1,1
2189,1,0,0,0
2190,1,1,1,1
2191,1,2,2,2
2192,1,0,0,0
2193,0,0,0,0
2194,1,0,0,0
2195,0,0,0,0
2196,0,2,2,2
2197,1,2,2,2
2198,0,2,2,2
2199,1,0,0,0
2200,2,1,1,1
2201,0,2,2,2
2202,0,2,2,2
2203,2,2,2,2
2204,2,2,2,2
2205,1,1,1,1
2206,1,1,1,1
2207,2,0,0,0
2208,1,0,0,0
2209,2,1,1,1
2210,2,1,1,1
2211,2,2,2,2
2212,2,0,0,0
2213,0,0,0,0
2214,1,2,2,2
2215,0,1,1,1
2216,1,0,0,0
2217,0,2,2,2
2218,1,1,1,1
2219,2,0,0,0
2220,0,0,0,0
2221,0,2,2,2
2222,0,1,1,1
2223,0,1,1,1
2224,2,2,2,2
2225,2,2,2,2
2226,1,1,1,1
2227,1,0,0,0
2228,2,2,2,2
2229,2,2,2,2
2230,2,0,0,0
2231,2,0,0,0
2232,1,2,2,2
2233,1,1,1,1
2234,1,1,1,1
2235,1,1,1,1
2236,0,1,1,1
2237,2,1,1,1
2238,1,1,1,1
2239,1,0,0,0
2240,1,0,0,0
2241,1,2,2,2
2242,1,1,1,1
2243,1,1,1,1
2244,0,2,2,2
2245,0,2,2,2
2246,2,1,1,1
2247,1,2,2,2
2248,2,1,1,1
2249,2,1,1,1
2250,2,1,1,1
2251,0,2,2,2
2252,0,2,2,2
2253,1,2,2,2
2254,2,1,1,1
2255,2,2,2,2
2256,0,1,1,1
2257,2,0,0,0
2258,0,2,2,2
2259,1,2,2,2
2260,2,2,2,2
2261,0,2,2,2
2262,1,2,2,2
2263,2,1,1,1
2264,2,0,0,0
2265,2,1,1,1
2266,0,0,0,0
2267,0,2,2,2
2268,1,1,1,1
2269,0,2,2,2
2270,0,1,1,1
2271,1,1,1,1
2272,1,1,1,1
2273,0,0,0,0
2274,2,0,0,0
2275,0,0,0,0
2276,1,0,0,0
2277,2,2,2,2
2278,1,0,0,0
2279,1,1,1,1
2280,0,2,2,2
2281,0,0,0,0
2282,2,0,0,0
2283,1,1,1,1
2284,1,2,2,2
2285,2,0,0,0
2286,1,1,1,1
2287,2,1,1,1
2288,2,0,0,0
2289,2,1,1,1
2290,2,0,0,0
2291,0,1,1,1
2292,1,1,1,1
2293,0,2,2,2
2294,2,2,2,2
2295,0,1,1,1
2296,2,1,1,1
2297,1,1,1,1
2298,0,1,1,1
2299,1,1,1,1
2300,1,1,1,1
2301,1,2,2,2
2302,2,2,2,2
2303,1,0,0,0
2304,2,1,1,1
2305,2,0,0,0
2306,2,2,2,2
2307,0,0,0,0
2308,0,1,1,1
2309,0,1,1,1
2310,1,2,2,2
2311,1,2,2,2
2312,0,2,2,2
2313,2,0,0,0
2314,2,1,1,1
2315,1,2,2,2
2316,2,0,0,0
2317,1,0,0,0
2318,0,2,2,2
2319,2,2,2,2
2320,2,1,1,1
2321,1,0,0,0
2322,0,1,1,1
2323,1,2,2,2
2324,2,0,0,0
2325,1,2,2,2
2326,1,2,2,2
2327,1,1,1,1
2328,0,1,1,1
2329,1,0,0,0
2330,1,2,2,2
2331,0,1,1,1
2332,1,2,2,2
2333,1,1,1,1
2334,0,2,2,2
2335,1,2,2,2
2336,0,1,1,1
2337,2,0,0,0
2338,1,2,2,2
2339,0,2,2,2
2340,0,2,2,2
2341,2,1,1,1
2342,1,2,2,2
2343,2,1,1,1
2344,2,1,1,1
2345,2,1,1,1
2346,0,1,1,1
2347,2,0,0,0
2348,1,2,2,2
2349,0,0,0,0
2350,0,2,2,2
2351,0,1,1,1
2352,0,0,0,0
2353,2,1,1,1
2354,2,2,2,2
2355,1,2,2,2
2356,1,1,1,1
2357,0,2,2,2
2358,2,2,2,2
2359,2,2,2,2
2360,2,1,1,1
2361,1,2,2,2
2362,1,2,2,2
2363,0,2,2,2
2364,0,1,1,1
2365,0,0,0,0
2366,2,0,0,0
2367,0,0,0,0
2368,2,2,2,2
2369,2,2,2,2
2370,1,2,2,2
2371,2,2,2,2
2372,1,1,1,1
2373,1,1,1,1
2374,1,1,1,1
2375,0,1,1,1
2376,2,2,2,2
2377,2,0,0,0
2378,2,2,2,2
2379,1,0,0,0
2380,2,0,0,0
2381,0,2,2,2
2382,2,1,1,1
2383,0,1,1,1
2384,2,1,1,1
2385,0,1,1,1
2386,1,0,0,0
2387,0,2,2,2
2388,1,1,1,1
2389,0,2,2,2
2390,1,1,1,1
2391,2,1,1,1
2392,0,0,0,0
2393,0,0,0,0
2394,2,0,0,0
2395,0,0,0,0
2396,0,0,0,0
2397,1,2,2,2
2398,0,2,2,2
2399,0,0,0,0
2400,2,1,1,1
2401,1,1,1,1
2402,0,0,0,0
2403,0,1,1,1
2404,2,0,0,0
2405,0,2,2,2
2406,2,2,2,2
2407,1,0,0,0
2408,2,2,2,2
2409,1,0,0,0
2410,2,2,2,2
2411,2,1,1,1
2412,2,1,1,1
2413,0,1,1,1
2414,1,2,2,2
2415,0,1,1,1
2416,0,2,2,2
2417,0,2,2,2
2418,2,1,1,1
2419,2,2,2,2
2420,2,2,2,2
2421,2,1,1,1
2422,1,2,2,2
2423,1,2,2,2
2424,2,0,0,0
2425,2,1,1,1
2426,0,2,2,2
2427,0,0,0,0
2428,2,2,2,2
2429,1,0,0,0
2430,0,1,1,1
2431,0,1,1,1
2432,2,1,1,1
2433,1,1,1,1
2434,2,2,2,2
2435,1,1,1,1
2436,0,2,2,2
2437,1,2,2,2
2438,1,1,1,1
2439,0,2,2,2
2440,2,2,2,2
2441,1,0,0,0
2442,1,0,0,0
2443,0,2,2,2
2444,0,2,2,2
2445,1,1,1,1
2446,1,2,2,2
2447,0,2,2,2
2448,2,0,0,0
2449,0,2,2,2
2450,2,1,1,1
2451,0,0,0,0
2452,2,1,1,1
2453,0,1,1,1
2454,0,1,1,1
2455,2,1,1,1
2456,1,1,1,1
2457,2,1,1,1
2458,1,2,2,2
2459,0,1,1,1
2460,2,0,0,0
2461,0,2,2,2
2462,2,0,0,0
2463,0,0,0,0
2464,1,2,2,2
2465,2,1,1,1
2466,2,1,1,1
2467,0,0,0,0
2468,2,0,0,0
2469,0,0,0,0
2470,2,2,2,2
2471,2,1,1,1
2472,0,0,0,0
2473,0,1,1,1
2474,1,0,0,0
2475,0,2,2,2
2476,1,0,0,0
2477,1,1,1,1
2478,2,1,1,1
2479,1,0,0,0
2480,2,0,0,0
2481,1,1,1,1
2482,1,2,2,2
2483,1,2,2,2
2484,2,0,0,0
2485,1,1,1,1
2486,2,0,0,0
2487,1,1,1,1
2488,0,2,2,2
2489,2,2,2,2
2490,2,0,0,0
2491,2,0,0,0
2492,2,0,0,0
2493,1,1,1,1
2494,0,1,1,1
2495,0,1,1,1
2496,0,2,2,2
2497,1,1,1,1
2498,0,1,1,1
2499,2,1,1,1
2500,0,0,0,0
2501,2,1,1,1
2502,0,0,0,0
2503,1,2,2,2
2504,0,1,1,1
2505,0,1,1,1
2506,2,1,1,1
2507,1,1,1,1
2508,0,1,1,1
2509,1,1,1,1
2510,1,2,2,2
2511,0,0,0,0
2512,1,2,2,2
2513,2,0,0,0
2514,2,0,0,0
2515,0,0,0,0
2516,2,1,1,1
2517,1,2,2,2
2518,1,1,1,1
2519,2,1,1,1
2520,2,2,2,2
2521,2,1,1,1
2522,1,1,1,1
2523,0,1,1,1
2524,1,2,2,2
2525,0,2,2,2
2526,0,0,0,0
2527,2,1,1,1
2528,0,2,2,2
2529,0,0,0,0
2530,0,2,2,2
2531,0,2,2,2
2532,0,1,1,1
2533,0,1,1,1
2534,0,1,1,1
2535,2,0,0,0
2536,2,2,2,2
2537,0,0,0,0
2538,0,2,2,2
2539,0,0,0,0
2540,0,0,0,0
2541,2,2,2,2
2542,2,1,1,1
2543,1,2,2,2
2544,2,0,0,0
2545,2,1,1,1
2546,1,1,1,1
2547,2,2,2,2
2548,0,0,0,0
2549,1,0,0,0
2550,2,1,1,1
2551,1,1,1,1
2552,2,2,2,2
2553,0,2,2,2
2554,1,1,1,1
2555,2,1,1,1
2556,2,0,0,0
2557,0,0,0,0
2558,2,1,1,1
2559,2,0,0,0
2560,0,1,1,1
2561,2,2,2,2
2562,2,1,1,1
2563,1,0,0,0
2564,1,0,0,0
2565,1,2,2,2
2566,1,1,1,1
2567,2,0,0,0
2568,2,1,1,1
2569,1,2,2,2
2570,1,0,0,0
2571,0,2,2,2
2572,2,1,1,1
2573,0,1,1,1
2574,1,1,1,1
2575,1,1,1,1
2576,2,1,1,1
2577,0,2,2,2
2578,0,1,1,1
2579,1,2,2,2
2580,2,1,1,1
2581,0,2,2,2
2582,0,0,0,0
2583,0,1,1,1
2584,0,1,1,1
2585,2,0,0,0
2586,2,2,2,2
2587,0,0,0,0
2588,1,2,2,2
2589,0,0,0,0
2590,0,0,0,0
2591,0,2,2,2
2592,1,0,0,0
2593,1,0,0,0
2594,2,2,2,2
2595,2,2,2,2
2596,2,1,1,1
2597,1,2,2,2
2598,2,2,2,2
2599,1,1,1,1
2600,0,0,0,0
2601,1,1,1,1
2602,2,1,1,1
2603,2,0,0,0
2604,1,1,1,1
2605,2,1,1,1
2606,0,0,0,0
2607,2,1,1,1
2608,1,1,1,1
2609,0,0,0,0
2610,1,1,1,1
2611,2,1,1,1
2612,1,0,0,0
2613,0,0,0,0
2614,1,2,2,2
2615,2,0,0,0
2616,2,1,1,1
2617,0,2,2,2
2618,0,2,2,2
2619,2,1,1,1
2620,2,2,2,2
2621,0,0,0,0
2622,2,0,0,0
2623,2,0,0,0
2624,2,2,2,2
2625,0,2,2,2
2626,1,0,0,0
2627,0,0,0,0
2628,2,2,2,2
2629,2,2,2,2
2630,0,1,1,1
2631,1,1,1,1
2632,1,2,2,2
2633,2,2,2,2
2634,2,1,1,1
2635,2,0,0,0
2636,0,2,2,2
2637,2,1,1,1
2638,2,0,0,0
2639,0,1,1,1
2640,2,0,0,0
2641,1,1,1,1
2642,2,2,2,2
2643,1,0,0,0
2644,1,0,0,0
2645,0,0,0,0
2646,0,1,1,1
2647,0,0,0,0
2648,1,0,0,0
2649,1,1,1,1
2650,2,1,1,1
2651,2,0,0,0
2652,2,0,0,0
2653,1,1,1,1
2654,1,1,1,1
2655,1,0,0,0
2656,0,1,1,1
2657,1,2,2,2
2658,1,2,2,2
2659,0,2,2,2
2660,2,2,2,2
2661,2,2,2,2
2662,2,0,0,0
2663,0,0,0,0
2664,2,0,0,0
2665,2,2,2,2
2666,1,1,1,1
2667,2,2,2,2
2668,2,1,1,1
2669,2,0,0,0
2670,1,0,0,0
2671,0,0,0,0
2672,2,1,1,1
2673,0,2,2,2
2674,2,1,1,1
2675,2,1,1,1
2676,1,0,0,0
2677,0,1,1,1
2678,0,0,0,0
2679,0,1,1,1
2680,2,1,1,1
2681,2,1,1,1
2682,0,2,2,2
2683,2,1,1,1
2684,2,0,0,0
2685,2,2,2,2
2686,1,0,0,0
2687,1,2,2,2
2688,0,1,1,1
2689,1,1,1,1
2690,0,2,2,2
2691,2,2,2,2
2692,0,0,0,0
2693,2,0,0,0
2694,0,2,2,2
2695,1,0,0,0
2696,0,1,1,1
2697,1,0,0,0
2698,0,0,0,0
2699,2,2,2,2
2700,2,2,2,2
2701,1,0,0,0
2702,1,1,1,1
2703,2,2,2,2
2704,1,1,1,1
2705,0,1,1,1
2706,2,0,0,0
2707,2,2,2,2
2708,2,1,1,1
2709,0,2,2,2
2710,2,0,0,0
2711,2,0,0,0
2712,2,1,1,1
2713,0,2,2,2
2714,1,0,0,0
2715,1,1,1,1
2716,1,2,2,2
2717,2,1,1,1
2718,2,1,1,1
2719,1,0,0,0
2720,2,2,2,2
2721,1,2,2,2
2722,0,1,1,1
2723,0,2,2,2
2724,0,1,1,1
2725,2,1,1,1
2726,0,1,1,1
2727,2,1,1,1
2728,1,1,1,1
2729,1,1,1,1
2730,1,0,0,0
2731,0,2,2,2
2732,1,1,1,1
2733,1,0,0,0
2734,0,1,1,1
2735,2,2,2,2
2736,2,1,1,1
2737,1,2,2,2
2738,2,1,1,1
2739,1,1,1,1
2740,0,0,0,0
2741,0,2,2,2
2742,2,0,0,0
2743,1,0,0,0
2744,1,1,1,1
2745,2,1,1,1
2746,1,0,0,0
2747,2,2,2,2
2748,2,1,1,1
2749,2,0,0,0
2750,0,2,2,2
2751,1,2,2,2
2752,2,0,0,0
2753,0,1,1,1
2754,2,1,1,1
2755,0,2,2,2
2756,2,0,0,0
2757,0,2,2,2
2758,0,1,1,1
2759,0,1,1,1
2760,0,2,2,2
2761,1,0,0,0
2762,0,2,2,2
2763,2,2,2,2
2764,0,2,2,2
2765,2,1,1,1
2766,2,0,0,0
2767,0,2,2,2
2768,1,0,0,0
2769,0,1,1,1
2770,2,0,0,0
2771,0,1,1,1
2772,1,0,0,0
2773,2,0,0,0
2774,1,0,0,0
2775,0,0,0,0
2776,0,2,2,2
2777,1,0,0,0
2778,0,0,0,0
2779,0,1,1,1
2780,1,0,0,0
2781,2,0,0,0
2782,2,2,2,2
2783,0,1,1,1
2784,0,2,2,2
2785,2,1,1,1
2786,2,1,1,1
2787,1,0,0,0
2788,0,0,0,0
2789,2,0,0,0
2790,0,0,0,0
2791,2,2,2,2
2792,2,0,0,0
2793,1,1,1,1
2794,2,0,0,0
2795,2,0,0,0
2796,0,2,2,2
2797,2,2,2,2
2798,1,1,1,1
2799,1,0,0,0
2800,2,0,0,0
2801,0,1,1,1
2802,0,0,0,0
2803,1,2,2,2
2804,2,2,2,2
2805,0,1,1,1
2806,1,1,1,1
2807,0,0,0,0
2808,1,2,2,2
2809,2,0,0,0
2810,1,2,2,2
2811,1,0,0,0
2812,0,0,0,0
2813,1,2,2,2
2814,2,1,1,1
2815,0,0,0,0
2816,0,2,2,2
2817,1,0,0,0
2818,2,0,0,0
2819,0,0,0,0
2820,1,2,2,2
2821,1,1,1,1
2822,1,1,1,1
2823,2,0,0,0
2824,0,0,0,0
2825,0,0,0,0
2826,2,0,0,0
2827,2,2,2,2
2828,1,2,2,2
2829,1,1,1,1
2830,2,2,2,2
2831,0,1,1,1
2832,1,0,0,0
2833,0,0,0,0
2834,0,1,1,1
2835,0,1,1,1
2836,0,0,0,0
2837,1,2,2,2
2838,0,0,0,0
2839,0,1,1,1
2840,1,2,2,2
2841,0,0,0,0
2842,1,0,0,0
2843,0,0,0,0
2844,1,2,2,2
2845,0,2,2,2
2846,2,0,0,0
2847,1,1,1,1
2848,0,0,0,0
2849,2,1,1,1
2850,0,0,0,0
2851,1,2,2,2
2852,2,2,2,2
2853,2,1,1,1
2854,2,0,0,0
2855,1,2,2,2
2856,2,0,0,0
2857,1,2,2,2
2858,0,2,2,2
2859,0,1,1,1
2860,0,2,2,2
2861,1,1,1,1
2862,1,2,2,2
2863,1,0,0,0
2864,1,1,1,1
2865,1,0,0,0
2866,0,2,2,2
2867,2,1,1,1
2868,1,1,1,1
2869,0,2,2,2
2870,2,2,2,2
2871,2,0,0,0
2872,1,2,2,2
2873,1,2,2,2
2874,1,0,0,0
2875,1,2,2,2
2876,1,0,0,0
2877,0,2,2,2
2878,2,0,0,0
2879,0,2,2,2
2880,0,1,1,1
2881,0,1,1,1
2882,2,2,2,2
2883,2,2,2,2
2884,0,2,2,2
2885,1,0,0,0
2886,1,2,2,2
2887,0,1,1,1
2888,2,0,0,0
2889,0,2,2,2
2890,2,1,1,1
2891,1,1,1,1
2892,2,2,2,2
2893,1,1,1,1
2894,1,2,2,2
2895,2,0,0,0
2896,2,1,1,1
2897,0,2,2,2
2898,2,1,1,1
2899,2,2,2,2
2900,2,2,2,2
2901,2,1,1,1
2902,1,1,1,1
2903,0,0,0,0
2904,1,0,0,0
2905,0,1,1,1
2906,0,0,0,0
2907,1,2,2,2
2908,1,1,1,1
2909,1,1,1,1
2910,0,0,0,0
2911,2,0,0,0
2912,1,2,2,2
2913,0,0,0,0
2914,2,1,1,1
2915,0,1,1,1
2916,2,2,2,2
2917,2,1,1,1
2918,2,2,2,2
2919,2,2,2,2
2920,1,0,0,0
2921,0,0,0,0
2922,2,1,1,1
2923,2,2,2,2
2924,0,0,0,0
2925,0,0,0,0
2926,2,2,2,2
2927,2,0,0,0
2928,2,2,2,2
2929,2,1,1,1
2930,1,0,0,0
2931,1,1,1,1
2932,0,1,1,1
2933,1,1,1,1
2934,1,1,1,1
2935,2,0,0,0
2936,1,2,2,2
2937,2,1,1,1
2938,1,0,0,0
2939,0,0,0,0
2940,2,1,1,1
2941,0,1,1,1
2942,0,1,1,1
2943,2,0,0,0
2944,1,2,2,2
2945,0,0,0,0
2946,1,2,2,2
2947,1,1,1,1
2948,0,2,2,2
2949,1,0,0,0
2950,2,0,0,0
2951,0,2,2,2
2952,1,2,2,2
2953,2,2,2,2
2954,2,2,2,2
2955,0,2,2,2
2956,2,2,2,2
2957,1,1,1,1
2958,1,1,1,1
2959,0,2,2,2
2960,0,2,2,2
2961,1,0,0,0
2962,1,1,1,1
2963,2,1,1,1
2964,0,1,1,1
2965,2,2,2,2
2966,2,0,0,0
2967,1,1,1,1
2968,2,1,1,1
2969,1,0,0,0
2970,0,1,1,1
2971,2,0,0,0
2972,2,2,2,2
2973,0,2,2,2
2974,0,1,1,1
2975,0,1,1,1
2976,0,2,2,2
2977,1,0,0,0
2978,1,0,0,0
2979,2,0,0,0
2980,2,2,2,2
2981,0,1,1,1
2982,1,2,2,2
2983,0,0,0,0
2984,1,1,1,1
2985,0,2,2,2
2986,0,2,2,2
2987,2,1,1,1
2988,0,1,1,1
2989,2,2,2,2
2990,2,2,2,2
2991,1,0,0,0
2992,2,1,1,1
2993,0,0,0,0
2994,0,0,0,0
2995,2,1,1,1
2996,1,0,0,0
2997,0,0,0,0
2998,1,0,0,0
2999,0,1,1,1
3000,1,1,1,1